UserID,Name,Role,Password,Gender,Age,StaffEmail,StaffContact,Question,Answer
A001,Alice,Administrator,Password,Female,40,alice.white@hospital.com,12345678
A002,Bob,Administrator,Password,Male,45,yongcake@gmail.com,99990000,linux animal,penguin
A003,Emma,Administrator,Password,Female,41,emma.female@hospital.com,12345678
A004,John,Administrator,Password,Male,39,john.male@hospital.com,87654321
A005,Sophia,Administrator,Password,Female,36,sophia.female@hospital.com,12349876
A006,James,Administrator,Password,Male,55,james.male@hospital.com,87456321
A007,Emily,Administrator,Password,Female,42,emily.female@hospital.com,98765432
A008,Matthew,Administrator,Password,Male,33,matthew.male@hospital.com,98761234
A009,Olivia,Administrator,Password,Female,50,olivia.female@hospital.com,56789432
A010,Andrew,Administrator,Password,Male,45,andrew.male@hospital.com,76543219